t-shirt,B077ZKDQLV
t-shirt,B08F2NQ9VQ
t-shirt,B000HOBYCW
t-shirt,B01N6DJO3W
t-shirt,B078LC7GCX
t-shirt,B086KXNGKY
t-shirt,B00KBZOR9O
t-shirt,B01027781O
t-shirt,B0029GPH88
t-shirt,B07612XWR9
t-shirt,B08F2NQ3CN
t-shirt,B07D126W6P
t-shirt,B00NOY3D26
t-shirt,B071DVQLT2
t-shirt,B07683B1Z6
t-shirt,B01EKB6ES6
t-shirt,B00B6E7C8C
t-shirt,B06XWLMYVY
t-shirt,B07752LYFQ
t-shirt,B07M8NX6YB
t-shirt,B077ZN2F83
t-shirt,B0828N9Y56
t-shirt,B06XW85TSB
t-shirt,B076124BKM
t-shirt,B06X1D4M1L
t-shirt,B078964TSX
t-shirt,B014WBN3MY
t-shirt,B07F1CWMPP
t-shirt,B07G4YSGYZ
t-shirt,B074XY2K7M
t-shirt,B004HTTAUQ
t-shirt,B00HG4ER9I
t-shirt,B07CNR7GXN
t-shirt,B0768349VV
t-shirt,B0775PN4N4
t-shirt,B01KNM3HTA
t-shirt,B077XM54L9
t-shirt,B071KH4N6R
t-shirt,B092RJW2K4
t-shirt,B071GLZP26
t-shirt,B07GBW5YY1
t-shirt,B09V33H4VG
t-shirt,B07NBBWP5X
t-shirt,B0942Y5PY7
t-shirt,B07F1P5LFR
t-shirt,B07QBVKX5Y
t-shirt,B07682FRBZ
t-shirt,B08V1XN3G9
t-shirt,B084HLJJ38
t-shirt,B075BSD7M4
t-shirt,B01M26T8M7
t-shirt,B0076RNJ4E
t-shirt,B01EKB42YO
t-shirt,B01NCHYRIK
t-shirt,B092Z1T7RP
t-shirt,B08W6D89NS
t-shirt,B07HRHBM23
t-shirt,B09T3RNNQG
t-shirt,B00CEH37WU
t-shirt,B0B2741RX6
t-shirt,B07HR874C5
t-shirt,B0789CFGD3
t-shirt,B07M9RRXNM
t-shirt,B078LDQXYW
t-shirt,B01LB8ATIC
t-shirt,B07NM17Z2T
t-shirt,B07RWZ1ZTS
t-shirt,B079VPLRKP
t-shirt,B08NWMJJS2
t-shirt,B0092KFWKM
t-shirt,B07NHSYBDM
t-shirt,B07KSHXWXJ
t-shirt,B0874VC5K4
t-shirt,B07MY3Y8VG
t-shirt,B077SWK5W2
t-shirt,B00KBZPQ5S
t-shirt,B07BJKWX5M
t-shirt,B0874X72WP
t-shirt,B096VW414M
t-shirt,B09Y8VQCWF
t-shirt,B002GHC1MA
t-shirt,B07H4KSBY9
t-shirt,B08NWJ9G3T
t-shirt,B00ACIFQGS
t-shirt,B07F1R6VR5
t-shirt,B07TRV5N24
t-shirt,B014W19HLK
t-shirt,B09B5DN6N4
t-shirt,B07D7R5H3M
t-shirt,B09TPKK9K6
t-shirt,B086RRTFSP
t-shirt,B00WQMWXC8
t-shirt,B077XN677T
t-shirt,B084HFLKFW
t-shirt,B08BBYCN46
t-shirt,B07PY1Y7CZ
t-shirt,B005UJN2CO
t-shirt,B07GR4KX9L
t-shirt,B07WP5P4KH
t-shirt,B071GWD3XZ
t-shirt,B08MQZ58HS
t-shirt,B07K1W716M
t-shirt,B07HH6NTYJ
t-shirt,B00JULYFHY
t-shirt,B0B9T25K4V
t-shirt,B07998JNSN
t-shirt,B0995LFSGR
t-shirt,B07HRBWDQS
t-shirt,B004DTYZSC
t-shirt,B07MF38GTL
t-shirt,B01NAIK3KO
t-shirt,B01LYXAMTU
t-shirt,B07QTX35LJ
t-shirt,B096VSWY2V
t-shirt,B07WWQ86QW
t-shirt,B005GK9M6W
t-shirt,B07GZHCD43
t-shirt,B0097M96X4
t-shirt,B00GJ9KONE
t-shirt,B0857JWJX4
t-shirt,B08WTHXMG6
t-shirt,B014WC58A8
t-shirt,B07DYWJ1LJ
t-shirt,B07FMVW9BY
t-shirt,B08FC6CHPT
t-shirt,B07M67QYW2
t-shirt,B07R43JRBS
t-shirt,B073QJXP33
t-shirt,B01MS2OSHI
t-shirt,B00B5AUFEK
t-shirt,B07QGBC6CV
t-shirt,B002GHC1LQ
t-shirt,B07Q8JF5LL
t-shirt,B01E7Y4SNE
t-shirt,B07SDD4LT8
t-shirt,B07SQ9QW5S
t-shirt,B073R56TLX
t-shirt,B09TPL2Q45
t-shirt,B081KMYDT1
t-shirt,B0877B92BN
t-shirt,B016CA3MBK
t-shirt,B07Q6VD4Z7
t-shirt,B00KHTM5OS
t-shirt,B0875RSLNH
t-shirt,B07Q6VD4Z7
t-shirt,B00KHTM5OS
t-shirt,B0875RSLNH
t-shirt,B07HMKZHZP
t-shirt,B07H4633GY
t-shirt,B087CJRGSR
t-shirt,B09JNJW7JB
t-shirt,B07QB4SDK3
t-shirt,B09DSQRM92
t-shirt,B08WRMXDSZ
t-shirt,B091MDXLXC
t-shirt,B096L6Y6B8
t-shirt,B01MA6N8EO
t-shirt,B083XTRKP4
t-shirt,B09WVFLZLJ
t-shirt,B018EUBXDU
t-shirt,B09W7XYTZG
t-shirt,B07NJTFJ3W
t-shirt,B09BG7LT8N
t-shirt,B096VW7VVX
t-shirt,B00RTIXQFW
t-shirt,B01FXGNE6W
t-shirt,B07X6K74KY
t-shirt,B014W13VAS
t-shirt,B09TTS1Y13
t-shirt,B07FFQJJCF
t-shirt,B08W6R1LSM
t-shirt,B098B318HT
t-shirt,B06WVKQGWQ
t-shirt,B09V7SCXVP
t-shirt,B07R43J43C
t-shirt,B09V33BG5C
t-shirt,B09Y8W24TR
t-shirt,B08LP25CGW
t-shirt,B01N6TQOW7
t-shirt,B000A38IPG
t-shirt,B01B1DKWQQ
t-shirt,B084BNMDV7
t-shirt,B086RRT173
t-shirt,B01BDZMIK0
t-shirt,B07CZF84L5
t-shirt,B0B6GWL2SP
t-shirt,B09B3MJ1W2
t-shirt,B07GB4JCR3
t-shirt,B07WT5G232
t-shirt,B093JZYTLB
t-shirt,B08V1ZLRS1
t-shirt,B01N6MV0MZ
t-shirt,B07WT5G232
t-shirt,B07YBVL75X
t-shirt,B07CZF84L5
t-shirt,B07PX8LG42
t-shirt,B09V4GTS74
t-shirt,B08P4VC2P8
t-shirt,B093JZYTLB
t-shirt,B08V1ZLRS1
t-shirt,B01N6MV0MZ
t-shirt,B07X2TQ4X9
t-shirt,B07R7BLZKW
t-shirt,B08NWKLBN1
t-shirt,B09JND6BQ8
t-shirt,B09JNFRBQV
t-shirt,B07MS4KHSV
t-shirt,B09XHR5TB9
t-shirt,B0BJ14D522
t-shirt,B08TGMNF8N
t-shirt,B089HDQ7MX
t-shirt,B07533VK2N
t-shirt,B07VWK6135
t-shirt,B08LPZR7NN
t-shirt,B014WBHZDC
t-shirt,B086WZC7DH
t-shirt,B01MFAIU7B
t-shirt,B079VTDK1J
t-shirt,B08R5HL17H
t-shirt,B01H98457Y
t-shirt,B074HLB4NY
t-shirt,B07P6H2WHP
t-shirt,B097QYVTD7
t-shirt,B08WDQN5HV
t-shirt,B092KCGTZ7
t-shirt,B09LKS58X9
t-shirt,B09FQ9RX8Z
t-shirt,B09Q49QC1F
t-shirt,B0916JK8N7
t-shirt,B094317VCV
t-shirt,B08MTFSH8L
t-shirt,B095J6TVVY
t-shirt,B015P0A53Q
t-shirt,B00PCQR50K
t-shirt,B0068VM9A4
t-shirt,B09RQQ392P
t-shirt,B07TMR2Y1N
t-shirt,B09TZZCTL4
t-shirt,B084NB2DZ9
t-shirt,B09Q6HYLMH
shirt,B01027781O
shirt,B0B4S53TRW
shirt,B077ZJXCTS
shirt,B07TF5WM57
shirt,B0785VV446
shirt,B01MSVTI53
shirt,B0866G8CB3
shirt,B002GHC19I
shirt,B07C8YCDT5
shirt,B071GWD5QJ
shirt,B01IXFRBQE
shirt,B0774LPVVJ
shirt,B0B98P5TNP
shirt,B07JHY5F25
shirt,B079LT643C
shirt,B07F2GR8F8
shirt,B077XM54L9
shirt,B00T7TXRP0
shirt,B077ZJC1N9
shirt,B00KBZOR9O
shirt,B073G96V4N
shirt,B0738FQTZN
shirt,B08NWJDVZB
shirt,B01L8GROKI
shirt,B0006SCZOU
shirt,B00B6EB490
shirt,B07F2JYL5N
shirt,B0714M3WYT
shirt,B012XWYD3W
shirt,B07MY3Y8VG
shirt,B07HRFSNZW
shirt,B005DIGLPM
shirt,B002GHC1MA
shirt,B08DP4SN88
shirt,B07TFDNCFH
shirt,B000UZDN5E
shirt,B000PHG4L2
shirt,B07C94K77V
shirt,B06XW9S1JL
shirt,B0BM8RRTD4
shirt,B09JTWQ5FP
shirt,B01GH5JPH0
shirt,B007SWRA24
shirt,B00AWDHZE4
shirt,B07FMZR6LJ
shirt,B0B82LK7S4
shirt,B08M3XJK31
shirt,B07BF155YX
shirt,B096XSNM18
shirt,B071DVQLT2
shirt,B09NMP99KK
shirt,B071GLZP26
shirt,B000G79KU8
shirt,B0132MFEA8
shirt,B096DLF93C
shirt,B008KH1QZI
shirt,B00GSIZSOG
shirt,B0942G4VDK
shirt,B078B27ZBY
shirt,B00PO16V7G
shirt,B0936FKSS6
shirt,B004GIXGD0
shirt,B07F19YWMV
shirt,B06W5SPJXF
shirt,B07JB8JHZQ
shirt,B008LWS5OM
shirt,B07JK591Z7
shirt,B07B4RXQVP
shirt,B07CX3XMFT
shirt,B0BG59T4JY
shirt,B0785XTS55
shirt,B0794KDJZT
shirt,B003P8PDL0
shirt,B0874XS1TG
shirt,B0B82JXX9H
shirt,B004NN9POC
shirt,B07149NTWF
shirt,B00YQLGUKS
shirt,B07BN1ZLHK
shirt,B0794GVWNG
shirt,B08ZJMJ6BJ
shirt,B093RL77T8
shirt,B000SEBMJQ
shirt,B07MKKG1K1
shirt,B09YZHXLFW
shirt,B09NB3TGRR
shirt,B0BG8XNQRT
shirt,B072QDV5KR
shirt,B019G5TPKA
shirt,B0BKGFW5YM
shirt,B08C2RLSNP
shirt,B07M9887QQ
shirt,B08BF9HLXY
shirt,B096L5SYHF
shirt,B09TS9TV99
shirt,B00GMK92UQ
shirt,B005DIF5Z4
shirt,B07BN1TY69
shirt,B0195YXKVM
shirt,B000HOBYCW
shirt,B091TF1GS8
shirt,B07F1KWLZY
shirt,B014HUY7FC
shirt,B07BN4BV3X
shirt,B000A38FXQ
shirt,B09P11GB4K
shirt,B0058YUDGE
shirt,B0794D21P6
shirt,B07HL3LX4P
shirt,B078GGJJW8
shirt,B09B52VSNC
shirt,B08N2Z5BV1
shirt,B0006SCZMM
shirt,B000EOO774
shirt,B078YDH3HC
shirt,B09Z479BFG
shirt,B07NFB76F5
shirt,B08BMG5ZRH
shirt,B09194ZDLC
shirt,B00KBZT29E
shirt,B01I8JLPQ2
shirt,B09V82V7T2
shirt,B002AFVV2Y
shirt,B08M3Y44LV
shirt,B0BHKQK2S3
shirt,B01DKNF3IM
shirt,B09T5ZZC4X
shirt,B0BMTTNRSB
shirt,B09FQDB8L5
shirt,B008KGSAYY
shirt,B09NR6Z4YM
shirt,B099S4HTZZ
shirt,B089SFWF7V
shirt,B00XA5NUE0
shirt,B09QB2W399
shirt,B0002MGM80
shirt,B071J38HG7
shirt,B017MVA0DQ
shirt,B07NFQ6XKD
shirt,B0193RUSDE
shirt,B0746Z2CMP
shirt,B09C6GVB52
shirt,B015SX2VIM
shirt,B09QLR2G4N
shirt,B09QLR2G4N
shirt,B079D8WTC7
shirt,B07F1BZXZS
shirt,B09FQFG7H7
shirt,B0B4Z2WSTC
shirt,B093R695XD
shirt,B010RS4T7Y
shirt,B071ZZR87K
shirt,B07S2XKP68
shirt,B08ZNL8L39
shirt,B0B16JRLP8
shirt,B083XVN16H
shirt,B00LG7CI06
shirt,B01NCNVH47
shirt,B079ZKQ26W
shirt,B0B8QQHYKX
shirt,B08LP25CGW
shirt,B07BKSKJQG
shirt,B000A2EPGS
shirt,B07GP51K96
shirt,B075VDP4N7
shirt,B0BFBPCX7Q
shirt,B08WKKZX55
shirt,B0B2KKF55D
shirt,B0B4YRDRXR
shirt,B089SFWF7V
shirt,B0B4Z5PCWF
shirt,B07BR17NVG
shirt,B00NOY3JPC
shirt,B08M3TNKJ5
shirt,B07HRJB2PJ
shirt,B093R82P48
shirt,B09QH9FZVK
shirt,B0BF2VNS4Y
shirt,B09KGXKFV1
shirt,B0874VM6QK
shirt,B07R43JRBS
shirt,B01MS5T3ME
shirt,B09TS9TV99
shirt,B071NBXH8Y
shirt,B005OAYJTO
shirt,B0875RSLNH
shirt,B08WTCQ3L4
shirt,B096VT4MKH
shirt,B0B16WQMVV
shirt,B074FGWW8X
shirt,B01N329MIO
shirt,B08MXD7SGM
shirt,B005OAYJTO
shirt,B0875RSLNH
shirt,B09Z479BFG
shirt,B0B5P9FDR9
shirt,B0B16WQMVV
shirt,B074FGWW8X
shirt,B01N329MIO
shirt,B086DP1CY9
shirt,B08NWJ9G3T
shirt,B07SMBN558
shirt,B09PLMJH87
shirt,B07N25FY3S
shirt,B0B16N5F68
shirt,B07L62WD6N
shirt,B01E7Y4SNE
shirt,B0072JA7N2
shirt,B09YVGHL8Y
shirt,B093R48V5B
shirt,B09P11GB4K
shirt,B01JN8BZMQ
shirt,B09YZ3C3BT
shirt,B07XPWGTVT
shirt,B0B93K8Y3V
shirt,B00KHTM8L8
shirt,B095VY5BKB
shirt,B09Y1ZBXRX
shirt,B01LY596JA
shirt,B00CESF6ZA
shirt,B09WM97JMS
shirt,B07GXG4G1Y
shirt,B00V5YPUB4
shirt,B09VQ51DDD
shirt,B07QW5LX63
shirt,B09GK26591
shirt,B0BBDMJCZB
shirt,B08LP1CRDC
shirt,B095PZ4XXS
shirt,B09LDL65ZG
shirt,B09VJ48TCD
shirt,B06XTR15WH
shirt,B0B172V2T1
shirt,B095QH9CBN
shirt,B0B172XHTF
shirt,B0098SA492
shirt,B0BLK8P31D
shirt,B01KB5Y8LK
shirt,B0B6P3ZC8D
shirt,B01N2Z676D
sweater,B079R8JJ16
sweater,B079RDW96Q
sweater,B01L0KQN04
sweater,B07NYBJZ3R
sweater,B07P1F19QQ
sweater,B08TVKRBD2
sweater,B07BKVF9MR
sweater,B07DZWRXYH
sweater,B08617S1TZ
sweater,B07NZ8SLLZ
sweater,B08617QSQ1
sweater,B08617786V
sweater,B08TVK7J22
sweater,B07BKR1S8F
sweater,B08TVJMK5M
sweater,B07NYBJZ4M
sweater,B07N4N2YLY
sweater,B08TVK7J93
sweater,B07BKS77Z5
sweater,B08TVKRPB1
sweater,B08VWWCKQY
sweater,B08615DK3L
sweater,B07P1DY8CD
sweater,B07P2JZ196
sweater,B07HRTN254
sweater,B07HRSYVRR
sweater,B07FH4N412
sweater,B0846L1432
sweater,B07BN78SMG
sweater,B01L8JJAWU
sweater,B01M0PENYV
sweater,B08X2CP1ML
sweater,B07NYBLL9L
sweater,B09R4J7Z7C
sweater,B07P8WPT72
sweater,B00JUM31F0
sweater,B093PNGHS1
sweater,B08TVJN58V
sweater,B09JKJ6QZN
sweater,B08617FJYB
sweater,B09R4J6HLC
sweater,B0B9X4ZR1S
sweater,B085YSQRP2
sweater,B07DZY71P5
sweater,B08CBSQFG4
sweater,B00JUMCYEY
sweater,B08615HNVX
sweater,B07BKVTZCN
sweater,B0BJDPQ41Z
sweater,B09VS3DNV2
sweater,B06XRZ2TCR
sweater,B075JWGGLC
sweater,B078GL8MD6
sweater,B0BHXD5CN9
sweater,B0B4SQ9L6T
sweater,B07NYBLH1K
sweater,B07P4QTYB7
sweater,B08J8YNHNX
sweater,B07BKR3MPY
sweater,B08TVKRP3G
sweater,B07J18MMHM
sweater,B079LS8PPK
sweater,B0BHX5NGRD
sweater,B0846KGJRX
sweater,B07G5LJZ4B
sweater,B004L63RA4
sweater,B00JUM4D2K
sweater,B085YVSLFS
sweater,B09NVXWSNW
sweater,B07Y9MBKSN
sweater,B0B4Z5QSQV
sweater,B07DZZX91M
sweater,B07F6V4F8M
sweater,B09WG8HJGD
sweater,B01LXGCFAS
sweater,B076MFMYVC
sweater,B07DGPSMP3
sweater,B013AW9LXQ
sweater,B09NDXV1WM
sweater,B08CBT5W9H
sweater,B01JOY75NM
sweater,B07NYBK9LD
sweater,B0846KG2Y7
sweater,B096RBYV5V
sweater,B081BN29XG
sweater,B07GL2S8CH
sweater,B07L694CCY
sweater,B09QK8X5XM
sweater,B0BG6B223K
sweater,B01JOY7YN8
sweater,B07W61QFVP
sweater,B003VR4QF4
sweater,B098KXJYMN
sweater,B08617NZ7M
sweater,B08W9XLK6B
sweater,B07P1DVWLS
sweater,B07TR65DTW
sweater,B07NZ8SFSM
sweater,B00MFQHE8I
sweater,B081BNGNQC
sweater,B07HB5Z89T
sweater,B09JNJDZGD
sweater,B09JP8P2YR
sweater,B09M7TGGPB
sweater,B097QYWKVW
sweater,B081BN2PRT
sweater,B09R4HQCQL
sweater,B09QH7PMSF
sweater,B00OO51THA
sweater,B09QK848HQ
sweater,B07P5G5XVK
sweater,B0BHX9S14J
sweater,B081KMJLC2
sweater,B0BHVWXN4R
sweater,B0B9S4NYN3
sweater,B07P2JYQXJ
sweater,B0059DVSZO
sweater,B09VMB75MS
sweater,B074JBRX2L
sweater,B00OU8A1T8
sweater,B0BHXBK3QZ
sweater,B09M7X114X
sweater,B08GQ6GH77
sweater,B08J9235LH
sweater,B0B4Z5RCMX
sweater,B0996B1X2X
sweater,B0B4Z9579S
sweater,B00Q7C6B6W
sweater,B0B4ZLB8VP
sweater,B0BG6J4FG4
sweater,B0B4ZBJGSK
sweater,B013IMWXZQ
sweater,B0BHX6TQZN
sweater,B0B4YZRDP5
sweater,B08MPTDLJB
sweater,B094TR236Y
sweater,B01KVKR6G4
sweater,B01KVKR82Q
sweater,B0BGQTF7ZG
sweater,B091J6QHVY
sweater,B005OBA80W
sweater,B0846KVS5L
sweater,B0196XACFY
sweater,B08CXJQVJ8
sweater,B0846KVS5L
sweater,B0196XACFY
sweater,B08CXJQVJ8
sweater,B0BG6J4781
sweater,B08MQDGMZD
sweater,B08SS6KVQD
sweater,B00NC52SR8
sweater,B07QDBS6GC
sweater,B0BHXB23JD
sweater,B0B4ZPJ6X2
sweater,B08PYGPKCS
sweater,B0BCPSK7GH
sweater,B083B74NP7
sweater,B09KMM49B3
sweater,B07BKR98TN
sweater,B07SZ74QK6
sweater,B07L7QJJGN
sweater,B075LC96R2
sweater,B09M69RT36
sweater,B07FGV9D31
sweater,B089CXKCKJ
sweater,B081BND9N1
sweater,B0BHX9XVK1
sweater,B0BHX62L7R
sweater,B08X5973WD
sweater,B0B4Z36ZZP
sweater,B09NKT4Q17
sweater,B07FKQ66FP
sweater,B01KVKPJSG
sweater,B081BNHD4N
sweater,B07N9934TB
sweater,B08BDLDWRK
sweater,B09R4QNTF3
sweater,B07GY36S3L
sweater,B07P1DY89X
sweater,B09R9JB393
sweater,B0BLZGDXCG
sweater,B09TS22CZC
sweater,B00A3DIC36
sweater,B0B29LFKSS
sweater,B0846KQNWL
sweater,B08DMP3WHL
sweater,B088P43VG3
sweater,B07JGGZ5H1
sweater,B09R4QX1NB
sweater,B012TJDB82
sweater,B098KY4WZX
sweater,B0B4T77DKT
sweater,B088P43VG3
sweater,B07FKQ66FP
sweater,B07JGGZ5H1
sweater,B09R4QX1NB
sweater,B012TJDB82
sweater,B098KY4WZX
sweater,B091J651ZS
sweater,B0B4T77DKT
sweater,B07N4RGWRD
sweater,B09NBMDZBD
sweater,B0BHX8M51W
sweater,B08H1CRRTB
sweater,B081BNXYRK
sweater,B09J1JTKR6
sweater,B00GWLO7IC
sweater,B09M7WND8Z
sweater,B07WJJB3WW
sweater,B09NDXMBF3
sweater,B09QH8JS45
sweater,B07Z5GQYN7
sweater,B0084AXO3I
sweater,B09KMMQPYD
sweater,B08BF9ZD4Y
sweater,B09M69RT36
sweater,B071JCRQZZ
sweater,B012TJCNJK
sweater,B0B5T2LF2W
sweater,B093HHKDP7
sweater,B07KJTG9YX
sweater,B0757TNBV4
sweater,B09QFMLMRZ
sweater,B0BHX9DDD1
sweater,B08VDBXB1Q
sweater,B08C6S34CL
sweater,B09QH83DNC
sweater,B097QXHY6K
sweater,B09KP21N4G
sweater,B01L9PXB4G
sweater,B08C2K3T2G
sweater,B07VCZQB64
sweater,B091J5LDVN
sweater,B0B6SM14T5
sweater,B0BDNV3Q73
sweater,B07895PGYX
sweater,B09BTHSKQC
sweater,B081K7T618
sweater,B0B4T6XWD9
sweater,B08QDV8HYT
shoes,B087YWM8RX
shoes,B087TGZQRZ
shoes,B00FZN1KWE
shoes,B091KLBQFJ
shoes,B07ZSBGP5F
shoes,B0756BS917
shoes,B0725JXJCC
shoes,B06VTZ84JM
shoes,B08CYZXQ14
shoes,B000ARG5SY
shoes,B01LW1GI1P
shoes,B07TQZCYVP
shoes,B07GQL7NVT
shoes,B08JMGCFNH
shoes,B07ZLXHJWH
shoes,B07PJYRBQR
shoes,B0812K6KBC
shoes,B00SMJPSBW
shoes,B072N1JL8L
shoes,B07VR5ZV94
shoes,B075PHHPZN
shoes,B01N90YTVN
shoes,B07TS4S577
shoes,B08KLFFVN2
shoes,B00V3MMY2Q
shoes,B096916JXN
shoes,B0007TN2KE
shoes,B000W93Q14
shoes,B004DCSYZE
shoes,B07DBHWSJR
shoes,B00L1UNPZ0
shoes,B07B3VM8D2
shoes,B00RENKYH0
shoes,B0778848PF
shoes,B093ZRSMRD
shoes,B08CZ272F8
shoes,B07XW2M5SC
shoes,B093LXTNQ3
shoes,B07W1KNZHH
shoes,B00SMJO8WM
shoes,B08JMDHTKL
shoes,B09LS6QTH6
shoes,B07V6ZF64C
shoes,B015GIVJIW
shoes,B096FHGZHS
shoes,B08GCWZQ1M
shoes,B074VGGRRG
shoes,B0007SZ4OM
shoes,B09DXVZV7Q
shoes,B077865VYM
shoes,B01N7HY6UC
shoes,B08M2M7NQT
shoes,B01K9PM1V6
shoes,B09LSCF1GB
shoes,B08QVP576N
shoes,B083YSV4GC
shoes,B011SAKQTU
shoes,B07NM2MWGZ
shoes,B09RRYSNL3
shoes,B093RT9HG9
shoes,B07GR5W6W1
shoes,B087M6XYKS
shoes,B01A6OTFY6
shoes,B00UWWI05I
shoes,B07TG98HGT
shoes,B0059DLGQ0
shoes,B00GICVQ8Y
shoes,B08FVMFJ5Q
shoes,B07WBTYXX3
shoes,B01FYE0N5I
shoes,B01M1H5LH5
shoes,B00KM8H7LA
shoes,B07FKX52DJ
shoes,B0051NGG2C
shoes,B01MQGVGAY
shoes,B01HFA6TWK
shoes,B098L7M85K
shoes,B0007TQ9TK
shoes,B07FBJ9P99
shoes,B097C86VRD
shoes,B08XWM1VRD
shoes,B09LSB8LD9
shoes,B01ACRGGXK
shoes,B087N1X99K
shoes,B01ACQY66U
shoes,B098969F28
shoes,B001NZH19O
shoes,B072NFDZ8K
shoes,B005BJI6GU
shoes,B00MU2ORPU
shoes,B01N2UCQK4
shoes,B08779RMHJ
shoes,B08QCS6JLR
shoes,B01G3LYZZU
shoes,B014GMTRMY
shoes,B08R1MKSDM
shoes,B0051NGHZ8
shoes,B00MU2ORPU
shoes,B096912217
shoes,B088PBQLSZ
shoes,B08KKZK1NK
shoes,B08PQJP93K
shoes,B077ZG99RP
shoes,B08JMDQ2M6
shoes,B09LS83FR2
shoes,B096PGW1FV
shoes,B01BXG55Z4
shoes,B089W174GF
shoes,B09MZ2FHHN
shoes,B071R4W8JK
shoes,B01FGC89W2
shoes,B07G76J92D
shoes,B096YGZGJH
shoes,B07L6DV5PJ
shoes,B01HFNED7K
shoes,B095WTSVXT
shoes,B0037UZATG
shoes,B07NMZ5XWK
shoes,B09MF7KCVG
shoes,B07T486P97
shoes,B08SSPR3MP
shoes,B089R9NMPF
shoes,B09C1CFDR7
shoes,B09LS9Y4VF
shoes,B092H27LBD
shoes,B093QJS76N
shoes,B082XFZ9HN
shoes,B094R31WL4
shoes,B09LS94C9T
shoes,B09WRX47GP
shoes,B071GF5M1D
shoes,B09LS8W2G2
shoes,B0877CVTCJ
shoes,B0B1MBDD4Y
shoes,B07DY1CC24
shoes,B0987YZ647
shoes,B09LSBV7SG
shoes,B005AESIW8
shoes,B00B8ITMS4
shoes,B097NYGKQH
shoes,B095PNSWLN
shoes,B096VS2TTB
shoes,B09YNT4Y72
shoes,B08FTL8K52
shoes,B08PKHZYB4
shoes,B096FG9R8M
shoes,B095PNSWLN
shoes,B096VS2TTB
shoes,B09YNT4Y72
shoes,B08FTL8K52
shoes,B082RW6WPQ
shoes,B07YQP58QD
shoes,B07BZNDF3R
shoes,B01JR7H5XG
shoes,B01IFL1YFA
shoes,B095PV4W3B
shoes,B07W6RXSKC
shoes,B09W5SQYPY
shoes,B08PKV642K
shoes,B09YRGNX38
shoes,B07T2C4HWD
shoes,B07JX21JM8
shoes,B094YV1FN3
shoes,B01D8UA0MG
shoes,B098QDQ24F
shoes,B07NRZGF6W
shoes,B09JBZMVT8
shoes,B07VPKGT18
shoes,B07DNFFCL1
shoes,B08RST6V9B
shoes,B08KNS86ZK
shoes,B087PR52DQ
shoes,B07ZJN9FLX
shoes,B083FR3M62
shoes,B08FJ7BGMP
shoes,B098PBQD12
shoes,B0B12QL54T
shoes,B083FRRHYH
shoes,B092YQPH6V
shoes,B08WG3W9G9
shoes,B07TSFHY2C
shoes,B073HFQGZM
shoes,B06XFHV877
shoes,B08JX9R3T1
shoes,B017MGC0NO
shoes,B07NRDZ5RP
shoes,B09GL3393W
shoes,B093XQ6BDS
shoes,B093PJXR62
shoes,B078K7HW1V
shoes,B07VB9L2FK
shoes,B07NVBRJ95
shoes,B078K7HW1V
shoes,B09ZKRL88N
shoes,B07VB9L2FK
shoes,B07NVBRJ95
shoes,B01N76H5VZ
shoes,B083Z4XFWQ
shoes,B083FRFXP7
shoes,B0BG83G7RC
shoes,B08DFLNMNT
shoes,B08D5Z8H7R
shoes,B000LPMTG2
shoes,B08GJ3P3QV
shoes,B01HFPPSZY
shoes,B094YV1FN3
shoes,B07PYYSDXJ
shoes,B08R9B85VM
shoes,B07HKLZZRV
shoes,B08MQSM6ZK
shoes,B08QCHQ4DN
shoes,B093ZRN8KK
shoes,B07RKYJY44
shoes,B00KM8GFBI
shoes,B0973N1QYX
shoes,B09NMHPWGP
shoes,B09MD9X5YM
shoes,B00FOVZGEA
shoes,B07QQHKNWG
shoes,B09LB1BH8M
shoes,B01IOBWIDS
shoes,B09J3L8BKN
shoes,B07G7XF5KL
shoes,B07STX4FZJ
shoes,B07DQ7C3Q9
shoes,B08R1NMHQP
shoes,B096911BH7
shoes,B002GJUDI2
shoes,B08KNYDRL4
shoes,B096SWMXGP
shoes,B07PXV38T3
shoes,B01KXSD01E
shoes,B094R1B8ML
shoes,B0030MIIP4
shoes,B08R1N1LRP
shoes,B079ZL69N7
shoes,B09NBQJ6LB
shoes,B08QZBHQQ4
shoes,B09KTWP57D
shoes,B09WCB2FQR
sandals,B087DWV97X
sandals,B082JH44LM
sandals,B0779GXX7T
sandals,B00LMKL5W4
sandals,B091ZGQF6G
sandals,B09L8F8DMC
sandals,B07J2MC44W
sandals,B00ZUYESWM
sandals,B07NNTFY5R
sandals,B07TQ7YJK6
sandals,B00RW5FRRW
sandals,B07S974JZ1
sandals,B00B05EC2Q
sandals,B07VCTMB3S
sandals,B000ERGGMU
sandals,B0793HPCCD
sandals,B06XYF7D1R
sandals,B09BK3Y81Q
sandals,B087CFLTS9
sandals,B0721B9ZBL
sandals,B082JHK2M3
sandals,B00ZUY5TIO
sandals,B07D9ZYHQS
sandals,B093Y7MJM5
sandals,B07DQB1LHZ
sandals,B07CZ5DJV8
sandals,B088YPJNVT
sandals,B08LXCKNL1
sandals,B00CEX7TC8
sandals,B0721BBDD6
sandals,B0714BP3H2
sandals,B07NNTMVG9
sandals,B091ZGPGG6
sandals,B00LMI301U
sandals,B00BRC4PFG
sandals,B07XF765P7
sandals,B09DZ3Q1DS
sandals,B002SNA7XM
sandals,B07CSD735K
sandals,B08NWHKXBB
sandals,B07JGP1PXF
sandals,B09GRBB2CG
sandals,B08PHPBLVT
sandals,B07FGS3JVL
sandals,B097739KFH
sandals,B00RFXJR5E
sandals,B09NMR698G
sandals,B01LWV3425
sandals,B082JGN73W
sandals,B09NMR698G
sandals,B00D1A5PH4
sandals,B07SCW8B3P
sandals,B082JGR1SL
sandals,B000IDZZ6S
sandals,B098S2VCBZ
sandals,B07TMP9KMB
sandals,B071F7WVV9
sandals,B0992WJ9FZ
sandals,B01MPZL1M1
sandals,B0781Z7TTD
sandals,B00DSQUW2O
sandals,B097T747QR
sandals,B01GZTMB7O
sandals,B08N8J2Z9W
sandals,B082JH31HJ
sandals,B07CMZM3LY
sandals,B09TJWPMDB
sandals,B007C90IS6
sandals,B08BFYGNP4
sandals,B01J7Q5ZN4
sandals,B003S3SMFQ
sandals,B01J7Q9ME2
sandals,B07TXK3RQ1
sandals,B07H9P7X24
sandals,B01IUB9EBG
sandals,B07MDFWNBW
sandals,B013NTKJHS
sandals,B00NC39MRE
sandals,B073RD422G
sandals,B00C6MMN46
sandals,B09CYVKX45
sandals,B09T2ZX2RM
sandals,B00LFCD36A
sandals,B087HK9NXY
sandals,B004RDX5QM
sandals,B07WJJ24K3
sandals,B0912LHTDV
sandals,B01GP0XHMG
sandals,B08BFXDQPN
sandals,B000IHSKUM
sandals,B07B89TTKS
sandals,B088M1324Z
sandals,B0992YH3ZW
sandals,B012RQCHJ6
sandals,B08R3DG7NR
sandals,B00OGU57D0
sandals,B009EOISO8
sandals,B01J990E9O
sandals,B00DBEQ0ME
sandals,B07DR58QSM
sandals,B004WM3HW0
sandals,B08LQQ69CH
sandals,B099CFS1JC
sandals,B094YSVLT7
sandals,B005A0VAPE
sandals,B08X6FB531
sandals,B085VR2G37
sandals,B06XHKRFHZ
sandals,B08FVFD464
sandals,B00SYZ9HRK
sandals,B0992WBWX9
sandals,B07VDX5MQK
sandals,B099CFMRB5
sandals,B008J5FJ68
sandals,B07T8Q11FH
sandals,B097TJZMJV
sandals,B07TJT2FY6
sandals,B07TM3JGNH
sandals,B08YRF3455
sandals,B07TBV3DX2
sandals,B09P1KCZ3G
sandals,B002LZUS5O
sandals,B08XMDF2XH
sandals,B08Q9SD8J1
sandals,B078NFJPL6
sandals,B07TBTD3V3
sandals,B071J7WTBM
sandals,B071JPCXJ9
sandals,B00DSN3ECW
sandals,B01M3RJ93F
sandals,B071GYP17B
sandals,B01J9902BE
sandals,B07TBX912Y
sandals,B094NTPFK6
sandals,B072MV91ZL
sandals,B08NCR6T3Z
sandals,B000I65394
sandals,B07CN4GVXK
sandals,B091ZJNL1B
sandals,B07DDNTTHX
sandals,B000ZIEAWQ
sandals,B09TYTCW68
sandals,B087RS76D6
sandals,B08BT3QR6W
sandals,B07DDNTTHX
sandals,B000ZIEAWQ
sandals,B09TYTCW68
sandals,B087RS76D6
sandals,B08BT3QR6W
sandals,B00T3IXRN2
sandals,B0089ZA8ZK
sandals,B0736K29FX
sandals,B00E5AC84C
sandals,B08QDQV9X1
sandals,B07TT8V1GS
sandals,B08L6XG2VR
sandals,B07FGCSWTF
sandals,B08RRRPHRJ
sandals,B00EIP5DCS
sandals,B07WRMHVPX
sandals,B07TDZ55VX
sandals,B07CP3GQ9F
sandals,B004DKPM3S
sandals,B09HKZLGVL
sandals,B00XNLLCVY
sandals,B098LXH52Q
sandals,B07M6G1NGZ
sandals,B099VZM2YP
sandals,B009RXWQLC
sandals,B01J7Q76UE
sandals,B07PJXSHVH
sandals,B00JADLBHE
sandals,B09FR5MKK1
sandals,B08C2LPN7P
sandals,B01HH2NGV8
sandals,B000K9X0M6
sandals,B096K33FW4
sandals,B099D3BK4Y
sandals,B08LQSJNVS
sandals,B097K1T97Z
sandals,B072N1P6KN
sandals,B085J3FYCL
sandals,B08S6Q3K51
sandals,B09LRPDF2V
sandals,B07RLXXQPS
sandals,B096L3T4TG
sandals,B07567J1B8
sandals,B07T8PY83M
sandals,B087KJNFTX
sandals,B01HH2KZH6
sandals,B07VFWVMXY
sandals,B08C28B35G
sandals,B096L3T4TG
sandals,B07567J1B8
sandals,B07T8PY83M
sandals,B087KJNFTX
sandals,B01HH2KZH6
sandals,B08S6Q3K51
sandals,B09HCXX2FT
sandals,B07VFWVMXY
sandals,B07864V33P
sandals,B08C28B35G
sandals,B07CVDBP4K
sandals,B096N7PLB6
sandals,B089FBCZWG
sandals,B09NCST35G
sandals,B098RCZDJ6
sandals,B072MS4M4Q
sandals,B07ZPMKXVR
sandals,B07CHMHFH9
sandals,B091NJMXG4
sandals,B07CZ5RK1Z
sandals,B078NF4S77
sandals,B08LQRC9JH
sandals,B096HJ3V1J
sandals,B07MXV7RY9
sandals,B09S4SPKFF
sandals,B07G2S5CWF
sandals,B00E5ACE3C
sandals,B005FZJ1EQ
sandals,B07CZ2X993
sandals,B08C4ZFHRF
sandals,B095TR9Q1P
sandals,B07NS793NZ
sandals,B099C9RNDY
sandals,B09XRDFDJQ
sandals,B079QBHC24
sandals,B09V54KXXS
sandals,B0963Y3HQY
sandals,B073TWFKB4
sandals,B09DZ342YY
sandals,B004OWPH8A
sandals,B097PZZGX9
sandals,B08CY4FNFN
sandals,B096YJMKHL
sandals,B08FCVZML4
sandals,B07SZJKS4F
sandals,B09P776HPG
sandals,B08C2L7BXK
sandals,B01LY5Z6IH
jacket,B07BN7G9J2
jacket,B00HQ4KS3W
jacket,B073GBHPRH
jacket,B07BN69F9L
jacket,B07W7DB4PQ
jacket,B07VL97M3Q
jacket,B00Q7B3CLU
jacket,B07HVBLSFW
jacket,B00JB8Q01U
jacket,B01L7B4V28
jacket,B00JUM4D0C
jacket,B00M1SHWR8
jacket,B0982P39VG
jacket,B003DTLU9K
jacket,B0788K45J5
jacket,B08GHKK35R
jacket,B0058YHKDI
jacket,B07S9HDCGV
jacket,B08ZNZ9NFT
jacket,B078GLSLBN
jacket,B079P8XFG6
jacket,B08KJJT9MC
jacket,B00VG8KZ1O
jacket,B06XK9C3C1
jacket,B013KW3FH4
jacket,B002R0B9LK
jacket,B07PC28RQ3
jacket,B06XW4372C
jacket,B08FM9Q5JQ
jacket,B087C3BT37
jacket,B07S193P3W
jacket,B08BG8898S
jacket,B09JDMTTRZ
jacket,B002G9UD8C
jacket,B01KWHVPKO
jacket,B08G1GL936
jacket,B072MFYGSS
jacket,B07BQG42W1
jacket,B08ZP1J9ZQ
jacket,B07GFZY9X1
jacket,B06Y5WGWLH
jacket,B002GHC2VU
jacket,B07S3GFCTV
jacket,B07FK7G4F3
jacket,B08YH1VZKF
jacket,B07ZGJ8MZT
jacket,B09KMXVV3H
jacket,B0814BN7LM
jacket,B000N8THPI
jacket,B002GHC2OW
jacket,B085YTPGCF
jacket,B08M6H3LPG
jacket,B07XTPQ4R4
jacket,B0B4VHGJC7
jacket,B00FXPS2TS
jacket,B000A3I3QA
jacket,B00JUMFCDY
jacket,B075D94M1W
jacket,B07GZHSBBY
jacket,B09KM9DDN6
jacket,B00V9XMFJG
jacket,B083S85X9C
jacket,B07Z4HWJQF
jacket,B00UIB5OOI
jacket,B077GCYWFF
jacket,B0058SJP5A
jacket,B09S1ZWPW7
jacket,B005DDYVBS
jacket,B09KMBNDNS
jacket,B07XHNGF97
jacket,B00HQ4JNGU
jacket,B00YQAFXM0
jacket,B0009KN2BU
jacket,B07PC28RQ3
jacket,B07BQG42W1
jacket,B01BUHPH6S
jacket,B002G9UD8C
jacket,B0B4V2TSHP
jacket,B000VWC97Y
jacket,B08ZNY9NBZ
jacket,B0765JM8P8
jacket,B0757TNDHL
jacket,B01BUH6X5M
jacket,B07KCFPSPY
jacket,B07FKDQDQB
jacket,B00L3XLSV8
jacket,B01BUFCJE8
jacket,B005ABQFV2
jacket,B00JGEGVZY
jacket,B01L08XOPS
jacket,B001R2YD12
jacket,B08FJ4DC6T
jacket,B075LGTVZ4
jacket,B08ZNX9KGZ
jacket,B0757YNV6Z
jacket,B08TRRD54L
jacket,B07P2JFZ34
jacket,B08KYKY4R8
jacket,B07YP64YTS
jacket,B08ZQBTF9N
jacket,B0B2JHJY7B
jacket,B07FK7G4FK
jacket,B001CCN6WY
jacket,B01MT04JXH
jacket,B01JR7GFVE
jacket,B004OWQOOG
jacket,B077FJ6FLR
jacket,B07GL382VC
jacket,B0991MSRGH
jacket,B00DNNM3ME
jacket,B084KXM1WS
jacket,B08JZH3GCB
jacket,B082PLVRDB
jacket,B07DVVD3LH
jacket,B07VQHGCVY
jacket,B09V2862QJ
jacket,B07VS55RNZ
jacket,B097NHKYKD
jacket,B08CXDNCGB
jacket,B091B8YL34
jacket,B08HDP9MHH
jacket,B01884XTNE
jacket,B01L08Y09M
jacket,B09C1G3WWS
jacket,B0753DMS4L
jacket,B07G5MQDRG
jacket,B09517JX18
jacket,B08H2HW8F3
jacket,B01N0EX8BP
jacket,B09F3TC51K
jacket,B08D6123YX
jacket,B075QJYWNL
jacket,B07JCGZFJ1
jacket,B07RR1G411
jacket,B019DYG4N0
jacket,B0814BWFYH
jacket,B07YGS6D65
jacket,B07MVTGWTD
jacket,B0058SJOUG
jacket,B07Z1XJGCR
jacket,B0921G7MCY
jacket,B07F2PBLK7
jacket,B01ATW29JS
jacket,B08MPWT1BJ
jacket,B0921G7MCY
jacket,B07F2PBLK7
jacket,B005DDYUQY
jacket,B01ATW29JS
jacket,B08MPWT1BJ
jacket,B07J28Y9Y1
jacket,B0921LDTHB
jacket,B00LHJMVXC
jacket,B07FKJCHLB
jacket,B09QRMVL84
jacket,B08CZZTVJJ
jacket,B01MRXFEUW
jacket,B09N6FR3RR
jacket,B000TFQOGK
jacket,B085BPN8QQ
jacket,B097NHFMT2
jacket,B00CZ737S8
jacket,B01HOQAO8A
jacket,B09KMDD4ML
jacket,B07XTYTZMP
jacket,B09L4Q6GQL
jacket,B08XXLY45W
jacket,B07RX5VG4N
jacket,B07RGX7CQ7
jacket,B0B9YP3CFB
jacket,B09KT4SHJ2
jacket,B07KCDP2QX
jacket,B08ZNXDY8H
jacket,B07HCMFFZY
jacket,B07WWJC6RG
jacket,B0765JFSCS
jacket,B09V29KFMH
jacket,B07FT7FVP6
jacket,B0798KWYCT
jacket,B0179HN300
jacket,B0076ISJCU
jacket,B000VWHO9W
jacket,B0921CQ6JH
jacket,B0924WPTVP
jacket,B08LNWVK17
jacket,B0B94VCML3
jacket,B08CSWT7SN
jacket,B07MPCDV7Y
jacket,B07HR78PGP
jacket,B0815HHWSM
jacket,B01N0SS47Z
jacket,B07VS2C3R7
jacket,B08KFJRP8D
jacket,B01N0SS47Z
jacket,B08KFJRP8D
jacket,B07VS2C3R7
jacket,B08JZH3GCB
jacket,B00JEMEE98
jacket,B01GM6DV88
jacket,B082PLQMD1
jacket,B07L57PG34
jacket,B078GL8MD6
jacket,B07YP64YTS
jacket,B07W4SWZ46
jacket,B093QK2CNB
jacket,B0B4PCWD3B
jacket,B093SNBVFJ
jacket,B0B628J32J
jacket,B0B8RYYBDZ
jacket,B093R49JBL
jacket,B00XM67NBS
jacket,B081NFFYVS
jacket,B007M61K7C
jacket,B08MQJRR9X
jacket,B07VNVJYMT
jacket,B097NGK7C2
jacket,B0B5BCTCVX
jacket,B0793HW1SH
jacket,B0BGJPLGD5
jacket,B003UD8JYS
jacket,B08DJ89NFJ
jacket,B001H9V1YW
jacket,B0B1H9GN9M
jacket,B07ZHXWFNY
jacket,B00JB8P33Q
jacket,B01HTGB556
jacket,B09967LQQ1
jacket,B077JCLQDK
jacket,B004QMXVHM
jacket,B072M6TZGS
jacket,B09KMCF9XR
jacket,B07RX5WD5C
jacket,B002SBRKPM
jacket,B09MW3K3RD
jacket,B0765JJJ87
jacket,B08BDHZK39
jacket,B07D5TP35J
jacket,B0B4V8QS66
jacket,B091FTWDQ3
jacket,B0B4VCB5LG
jacket,B00YF7RB9W
trousers,B01JQTPQ9K
trousers,B081KN331N
trousers,B09D6NGPBB
trousers,B079D2LX4N
trousers,B071FJ88QJ
trousers,B0775PNH5P
trousers,B00X4GEV98
trousers,B000MXQ284
trousers,B00QNAL9U6
trousers,B08NCGJTFM
trousers,B07P82B4JK
trousers,B01N7VGA1T
trousers,B0B9BFRD8X
trousers,B01LI4I2ME
trousers,B01LO0P9MS
trousers,B00YKRPL2G
trousers,B09Q8S67KZ
trousers,B07NY57W38
trousers,B00WW76FSU
trousers,B01FVR9I5E
trousers,B09NN9D4DZ
trousers,B085YW5713
trousers,B00WW6Z4W4
trousers,B07RRZ2T4N
trousers,B074841B2V
trousers,B094V95P15
trousers,B07PPXTJJY
trousers,B01N1WFVH9
trousers,B01BNSPJP8
trousers,B07L7QY5TF
trousers,B01N28YIF8
trousers,B00D6C1R0G
trousers,B07HNTS427
trousers,B075F5MBDP
trousers,B06WRWR15H
trousers,B0BS49DGXP
trousers,B092ZQV5G9
trousers,B00P03MF0U
trousers,B01BGTW9R0
trousers,B00XKYQVMY
trousers,B00DIA6YBI
trousers,B075JNJDDH
trousers,B07JQ91ZY9
trousers,B06XPRPBCH
trousers,B0BN1ZDR8P
trousers,B01MD0SCZK
trousers,B08NCV12XM
trousers,B0B9MYYDFF
trousers,B075JNJDDH
trousers,B06XPRPBCH
trousers,B01MD0SCZK
trousers,B08NCV12XM
trousers,B0B9MYYDFF
trousers,B0B5F5S5GJ
trousers,B00IM4SEG8
trousers,B07HJ84SZW
trousers,B07K3KRCVG
trousers,B07DG27ZVD
trousers,B077PSR3XR
trousers,B07491SHWT
trousers,B0BFG72T67
trousers,B09N114TF5
trousers,B073HC2VKF
trousers,B07NMVT4W2
trousers,B087D8BBG2
trousers,B017OXFFUA
trousers,B07J3N2RFQ
trousers,B0B8766J14
trousers,B0B5TDSM89
trousers,B09MG2KM3L
trousers,B015QHZAS8
trousers,B096H6G2BL
trousers,B098NJFDNV
trousers,B01HBVC3VY
trousers,B076V4DBJG
trousers,B085YW5713
trousers,B0BDV58Y9P
trousers,B0B8CWHRSD
trousers,B01N21MR6L
trousers,B00WW6ZE5G
trousers,B00WW72VJC
trousers,B0B38T7WJV
trousers,B07RW8FLWF
trousers,B0BNVJSDHV
trousers,B07KD8XCLX
trousers,B096FF3WYC
trousers,B00B58HL6C
trousers,B09VVW2RVY
trousers,B0BS49DGXP
trousers,B07PGF2BF8
trousers,B093P69NXB
trousers,B07PRH6LTV
trousers,B0883T5NG7
trousers,B07DG7DQ61
trousers,B06Y4HG1YG
trousers,B08YVZT5F4
trousers,B09Y8CGGXL
trousers,B094V95P15
trousers,B07BFH52D1
trousers,B081TWTFJ1
trousers,B00CA6X7BG
trousers,B08VYKKCKS
trousers,B09YR186M3
trousers,B014A11M4C
trousers,B0BQVWCPQG
trousers,B0BS6YYT5Q
trousers,B07T9KSJSF
trousers,B07NXCFW2F
trousers,B00WW75N24
trousers,B07B7X7B1F
trousers,B000A38CD4
trousers,B089W8F56B
trousers,B07G5JLZN5
trousers,B016PD48M6
trousers,B0013UOIYU
trousers,B01LQT9DZG
trousers,B08SGGX12W
trousers,B08LNWQM1S
trousers,B09Q852RC1
trousers,B0BS47XJ7K
trousers,B00NVPEGVU
trousers,B07P887SQT
trousers,B0743PV5YG
trousers,B01MXZ562O
trousers,B001NSCHDQ
trousers,B09VW7R9RJ
trousers,B073SMG454
trousers,B005A20I50
trousers,B07NLYGQ86
trousers,B07JHZCFXX
trousers,B0BKZTLV57
trousers,B07NMFD15S
trousers,B0BS6X1BNB
trousers,B07Y5WDGPH
trousers,B01ND2LMVQ
trousers,B07YFSG313
trousers,B08NCR7FYB
trousers,B07SX61ZJZ
trousers,B01FVRG7JY
trousers,B08W1M1DXS
trousers,B07KNCXMPY
trousers,B00012O1HU
trousers,B0BS48CSS3
trousers,B00JRXDHOW
trousers,B08NCR7FYB
trousers,B07SX61ZJZ
trousers,B01FVRG7JY
trousers,B08W1M1DXS
trousers,B07KNCXMPY
trousers,B0BS667HPV
trousers,B00JRXDHOW
trousers,B07NLYGQ86
trousers,B00M2XDK32
trousers,B01N7BPCNL
trousers,B07HGP1HQW
trousers,B07HFVTX2P
trousers,B07ZWVWJHT
trousers,B07NX8H863
trousers,B07RHXY4FP
trousers,B00FSB631Q
trousers,B0BS47D533
trousers,B009ZNM1GY
trousers,B01MUVIQG8
trousers,B07N78Z668
trousers,B09ND8D5CQ
trousers,B08TLLXCFT
trousers,B07X7L7N3L
trousers,B08L8WRMFF
trousers,B09NQHTQ8B
trousers,B07NLXWHFC
trousers,B09G7FQ4FH
trousers,B08C97SGBC
trousers,B0BS6X1BNB
trousers,B07JMTFSLC
trousers,B08YVPMGR3
trousers,B09G8XP5J6
trousers,B073X2ZRTR
trousers,B097NP51JL
trousers,B09F9PFWLF
trousers,B08WJX4JY3
trousers,B007A3MRG0
trousers,B07MHQJ2RS
trousers,B08LN2J49G
trousers,B0BS48PWMC
trousers,B09NN85H9D
trousers,B09NZPDZYY
trousers,B09NYN7X4M
trousers,B08VS2HNFP
trousers,B083QZ52NY
trousers,B09FYFLQ1J
trousers,B0BDRY5FW7
trousers,B07WHNR6MF
trousers,B0B9797JQJ
trousers,B09FYFLQ1J
trousers,B07F16G1P8
trousers,B07KPRP3SC
trousers,B0BS631341
trousers,B09V2CM3Q9
trousers,B085RKWDL6
trousers,B01BGTO7IE
trousers,B08CLH1J8X
trousers,B07HNXZJC5
trousers,B0BKSQBJNB
trousers,B07V38TZQ6
trousers,B08F2HG8RF
trousers,B07SZ6S7P5
trousers,B09K95ZR2F
trousers,B0BS6D893S
trousers,B07829LV5T
trousers,B08Q8P2K6G
trousers,B00D6C0HXY
trousers,B076X4QTFJ
trousers,B07VVLBFNZ
trousers,B018G8G5AQ
trousers,B09DCVBKD2
trousers,B0B6BQJLCW
trousers,B09NQJYQKQ
trousers,B0083BJGSK
trousers,B0BS67B8FK
trousers,B007SNQLD2
trousers,B07HNKKNK7
trousers,B07ZQ2GZS3
trousers,B098D8291Y
trousers,B08YJTS7ZB
trousers,B098K6XP5F
trousers,B07DKT53JN
trousers,B007J20GS8
trousers,B07ZMN614N
trousers,B074CVQQSD
trousers,B000JHEPUA
trousers,B0BS689Z6W
trousers,B07BJTDFM8
trousers,B0BBTZ3ZWK
trousers,B074GLB317
trousers,B07X7L5QVR
trousers,B09Z1VJHSM
trousers,B0751HKMSY
trousers,B07K76B4H2
trousers,B01IJMQ2WA
trousers,B09NYNK8J7
shorts,B07YP9JK3F
shorts,B08JGBB9N1
shorts,B00AKSCXEI
shorts,B01JQTN8SQ
shorts,B01JQTA794
shorts,B07L33BBXG
shorts,B07HJ78B3X
shorts,B0151E6PB2
shorts,B016Y826EE
shorts,B07JGF22HN
shorts,B07L2VPLPC
shorts,B0728KK8VK
shorts,B01AK7Z5BG
shorts,B09PYTB8SD
shorts,B08J951P74
shorts,B07DZVJXNK
shorts,B00PICJLBY
shorts,B06XWMZ6FJ
shorts,B01JQTCQ8O
shorts,B0714D4Q4B
shorts,B09P3WHTC8
shorts,B07F25B6N4
shorts,B07F2N1JG6
shorts,B009CTUDNO
shorts,B0B1LMFBDV
shorts,B01ISQF00W
shorts,B07FHBCC58
shorts,B00XKYLJDU
shorts,B08JTQP6VY
shorts,B000J9YQOS
shorts,B00M0QFMSW
shorts,B01N6Z3SGO
shorts,B082TJ143F
shorts,B0953MT8P7
shorts,B08HJQWXXH
shorts,B09W9J74JC
shorts,B07YZ5ZZ9B
shorts,B07M5C9LWN
shorts,B08PJ19D4B
shorts,B07XMYFCDZ
shorts,B07P18746L
shorts,B07PNRZPV4
shorts,B075MYDWW1
shorts,B085DZVM4B
shorts,B010DKQO2E
shorts,B00PI5FL1A
shorts,B0BF5LM5K8
shorts,B08LT8LY5N
shorts,B07D1858XZ
shorts,B08874XQ7D
shorts,B07SM96ZXL
shorts,B072J36KT1
shorts,B005SZFAN4
shorts,B07LCXVJB5
shorts,B09HR8LBZV
shorts,B09SKL4SMZ
shorts,B07F2D9C7Q
shorts,B076VRLYRK
shorts,B0878XCK8Q
shorts,B07QX5YFCG
shorts,B08HJMXLCK
shorts,B078GBD4YB
shorts,B07GT2Q8RF
shorts,B0B3Y991M3
shorts,B0891X2TTV
shorts,B09T3QHVVM
shorts,B09P8BBV77
shorts,B07BJLH2FP
shorts,B06Y5VBPDQ
shorts,B09VSZKGN8
shorts,B0874WPW3F
shorts,B09WY9ZDCB
shorts,B08HMSBPNG
shorts,B07F18NBW6
shorts,B095JN58V4
shorts,B000OF4ON0
shorts,B087N4JBSS
shorts,B08JDTBQH2
shorts,B0872DDZ5Z
shorts,B072Q6GMVN
shorts,B01IT4UQO8
shorts,B079W723J1
shorts,B077RV5TZ5
shorts,B08JHNDP4R
shorts,B0BJ7B4BHV
shorts,B08BX4YRYJ
shorts,B07XMYBRTR
shorts,B07NSR9JW8
shorts,B0874W4WR5
shorts,B089K6SJWZ
shorts,B00E3QS5MM
shorts,B06Y5MRJ2W
shorts,B07DGSV214
shorts,B07BPMTJGY
shorts,B098P182XV
shorts,B0BGLQXRWD
shorts,B07Z8GL2ZN
shorts,B01M65RVEI
shorts,B08LNYXB15
shorts,B0BJNH7VW3
shorts,B071V7MGMD
shorts,B07LCXZXW3
shorts,B08JDWQ16V
shorts,B08ZMXF8T7
shorts,B077XQ5QM7
shorts,B08792H8H7
shorts,B0BDYFSKBW
shorts,B08PQ3B21M
shorts,B07DZTY396
shorts,B09M5XMG11
shorts,B086L13XZK
shorts,B09JKZD11H
shorts,B07MW5QDWD
shorts,B00HW1BIFQ
shorts,B07PYPPQ28
shorts,B09Y8SF29F
shorts,B094758L7R
shorts,B000RKA60M
shorts,B01ES40DD2
shorts,B09PQS4LTF
shorts,B013TGRSDS
shorts,B0BLLBCRPY
shorts,B0891QSLR4
shorts,B09W493CBB
shorts,B0B3Y991M3
shorts,B08J4GTP7H
shorts,B08Z6JH9YG
shorts,B07NJPZDRW
shorts,B075NZ5VHX
shorts,B0B33SHKQK
shorts,B09248VKW9
shorts,B092LR73PN
shorts,B091B629JT
shorts,B087DZ7JLP
shorts,B089HBK6QS
shorts,B0B6ZP9KSR
shorts,B08TWXL9LZ
shorts,B00GAMTKSK
shorts,B0B4TVSDRN
shorts,B089T92G55
shorts,B097DRF626
shorts,B089MKV821
shorts,B08BNMZ5S4
shorts,B0117ERXOI
shorts,B097DRF626
shorts,B09WHVCJXQ
shorts,B0937JNCFP
shorts,B089MKV821
shorts,B0117ERXOI
shorts,B08SCD4RJG
shorts,B09PPSMK6C
shorts,B09VGNGR9Q
shorts,B07DGR6FHC
shorts,B00DNNMFY0
shorts,B073M6N2BM
shorts,B0BD3R7CRP
shorts,B07R75LDJH
shorts,B091MS28J2
shorts,B09VT5HGJR
shorts,B09HV7KHY9
shorts,B09VT2S3SF
shorts,B07PGVHLKW
shorts,B00719ZGNO
shorts,B017GAFO3E
shorts,B09SLDSMZP
shorts,B00GYX2MVW
shorts,B094F825VS
shorts,B00EC878KQ
shorts,B0009GA7U8
shorts,B07JLM4HYL
shorts,B08HHFR4NX
shorts,B0868TFPSJ
shorts,B00AW2D5BM
shorts,B09WJXY89M
shorts,B095VXBXWB
shorts,B0BJL71WZT
shorts,B08QZN35CK
shorts,B08VJ1JSHM
shorts,B093LV4DT1
shorts,B00L2JA8BO
shorts,B087N77TTN
shorts,B09PPZL8PZ
shorts,B07S4HJ7X1
shorts,B00GYX2MX0
shorts,B00DNNZ8ZS
shorts,B07S113HTR
shorts,B08R7WSRLP
shorts,B082BGKDV1
shorts,B0058YR8V2
shorts,B01NAH94ZS
shorts,B08RZ3FDKD
shorts,B0846N7HP7
shorts,B0846N7HP7
shorts,B08VHZMPD3
shorts,B0BCDL9RD3
shorts,B00EC87YQY
shorts,B09WJY89MR
shorts,B08BSQDS1S
shorts,B094F825VS
shorts,B001464PWI
shorts,B0BGS6GV65
shorts,B0814T3P8D
shorts,B01I9FE9V8
shorts,B08R3726YK
shorts,B08MTRZGPD
shorts,B072R1Y92V
shorts,B07RNZDZDX
shorts,B0868TX6M7
shorts,B09FQ3PHMB
shorts,B077XMNTP3
shorts,B0B4NM8MKD
shorts,B082XS566R
shorts,B00IY9D948
shorts,B089N4PG8J
shorts,B09PYRB6VN
shorts,B08R7WSRLP
shorts,B08DDXJHBQ
shorts,B099RSXNQH
shorts,B074KFK4JB
shorts,B0831FP8KT
shorts,B08SVYK652
shorts,B09Y85Y8H5
shorts,B07SHYLKB7
shorts,B08BNFYKXR
shorts,B0878Y5XW8
shorts,B017YONTZC
shorts,B0915MJDN5
shorts,B093LV86FJ
shorts,B08QD3XTB7
shorts,B00O3XODCQ
shorts,B08XXBQ8VD
shorts,B08MTDXSJH
shorts,B00AZ6UV7Q
shorts,B07FKCPX19
shorts,B09WHVCJXQ
shorts,B014WCV00A
shorts,B08LNVK72Z
shorts,B08SNW6X75
shorts,B004U6OFZQ
shorts,B07T4V5HYJ
